Coord_X,Coord_Y
Starfall,381.8369539,179.3395973
