,Coord_X,Coord_Y
Starfall,400.8369539,179.3395973
